X,Y,OBJECTID,source,ext_id,cat1,cat2,cat3,org_name,Name,addrln1,addrln2,city,state,hours,phones,email,url,info1,info2,post_id,description,zip,link,use_type,latitude,longitude,date_updated,dis_status,POINT_X,POINT_Y
6503030.095,1738033.828,72713,Metropolitan Transportation Authority (MTA),,Transportation,Metro Stations,,,Downtown Long Beach Station,,,,,,,,,,,3306127,Blue Line,,,publish,33.76807583,-118.1929332,2023/04/04 16:19:54+00,,33.76807583,-118.1929332
6502796.262,1739558.05,72714,Metropolitan Transportation Authority (MTA),,Transportation,Metro Stations,,,Pacific Ave Station,,,,,,,,,,,3306128,Blue Line,,,publish,33.77226283,-118.1937122,2023/04/04 16:19:54+00,,33.77226283,-118.1937122
6504114.566,1743039.067,72715,Metropolitan Transportation Authority (MTA),,Transportation,Metro Stations,,,Anaheim Street Station,,,,,,,,,,,3306129,Blue Line,,,publish,33.78183483,-118.1893962,2023/04/04 16:19:54+00,,33.78183483,-118.1893962
6504120.152,1745681.18,72716,Metropolitan Transportation Authority (MTA),,Transportation,Metro Stations,,,Pacific Coast Hwy Station,,,,,,,,,,,3306130,Blue Line,,,publish,33.78909483,-118.1893942,2023/04/04 16:19:54+00,,33.78909483,-118.1893942
6503995.17,1752228.119,72717,Metropolitan Transportation Authority (MTA),,Transportation,Metro Stations,,,Willow Street Station,,,,,,,,,,,3306131,Blue Line,,,publish,33.80708383,-118.1898462,2023/04/04 16:19:54+00,,33.80708383,-118.1898462
6502103.679,1756884.926,72718,Metropolitan Transportation Authority (MTA),,Transportation,Metro Stations,,,Wardlow Station,,,,,,,,,,,3306132,Blue Line,,,publish,33.81986983,-118.1961022,2023/04/04 16:19:54+00,,33.81986983,-118.1961022
6497591.224,1767213.933,72719,Metropolitan Transportation Authority (MTA),,Transportation,Metro Stations,,,Del Amo Station,,,,,,,,,,,3306133,Blue Line,,,publish,33.84822684,-118.2110292,2023/04/04 16:19:54+00,,33.84822684,-118.2110292
6494125.942,1777360.374,72720,Metropolitan Transportation Authority (MTA),,Transportation,Metro Stations,,,Artesia Station,,,,,,,,,,,3306134,Blue Line,,,publish,33.87608684,-118.2225152,2023/04/04 16:19:54+00,,33.87608684,-118.2225152
6493613.327,1785152.416,72721,Metropolitan Transportation Authority (MTA),,Transportation,Metro Stations,,,Compton Station,,,,,,,,,,,3306135,Blue Line,,,publish,33.89749484,-118.2242612,2023/04/04 16:19:54+00,,33.89749484,-118.2242612
6489601.615,1796282.42,72722,Metropolitan Transportation Authority (MTA),,Transportation,Metro Stations,,,Willowbrook - Rosa Parks Station,,,,,,,,,,,3306136,Blue Line,,,publish,33.92805284,-118.2375672,2023/04/04 16:19:54+00,,33.92805284,-118.2375672
6487914.056,1801443.976,72723,Metropolitan Transportation Authority (MTA),,Transportation,Metro Stations,,,103rd Street / Watts Towers  Station,,,,,,,,,,,3306137,Blue Line,,,publish,33.94222484,-118.2431712,2023/04/04 16:19:54+00,,33.94222484,-118.2431712
6487915.417,1807772.956,72724,Metropolitan Transportation Authority (MTA),,Transportation,Metro Stations,,,Firestone Station,,,,,,,,,,,3306138,Blue Line,,,publish,33.95961585,-118.2432172,2023/04/04 16:19:54+00,,33.95961585,-118.2432172
6487907.847,1812914.834,72725,Metropolitan Transportation Authority (MTA),,Transportation,Metro Stations,,,Florence Station,,,,,,,,,,,3306139,Blue Line,,,publish,33.97374485,-118.2432832,2023/04/04 16:19:54+00,,33.97374485,-118.2432832
6487882.577,1818381.005,72726,Metropolitan Transportation Authority (MTA),,Transportation,Metro Stations,,,Slauson Station,,,,,,,,,,,3306140,Blue Line,,,publish,33.98876485,-118.2434102,2023/04/04 16:19:54+00,,33.98876485,-118.2434102
6487923.849,1823534.037,72727,Metropolitan Transportation Authority (MTA),,Transportation,Metro Stations,,,Vernon Station,,,,,,,,,,,3306141,Blue Line,,,publish,34.00292485,-118.2433152,2023/04/04 16:19:54+00,,34.00292485,-118.2433152
6488004.949,1829622.245,72728,HSIP Freedom USPS_Mail_Collection_Boxes,2,Transportation,Metro Stations,,US Postal Service (USPS),Washington Station,1355 N Mentorave,,Pasadena,CA,,,,,,,3306142,Blue Line,91104,,publish,34.01965485,-118.2430962,2023/04/04 16:19:54+00,,34.01965485,-118.2430962
6484247.644,1832236.147,72729,Metropolitan Transportation Authority (MTA),,Transportation,Metro Stations,,,San Pedro Street Station,,,,,,,,,,,3306143,Blue Line,,,publish,34.02681185,-118.2555172,2023/04/04 16:19:54+00,,34.02681185,-118.2555172
6480063.905,1834557.241,72730,Metropolitan Transportation Authority (MTA),,Transportation,Metro Stations,,,Grand / LATTC Station,,,,,,,,,,,3306144,Blue Line,,,publish,34.03315985,-118.2693452,2023/04/04 16:19:54+00,,34.03315985,-118.2693452
6481045.289,1837313.149,72731,Metropolitan Transportation Authority (MTA),,Transportation,Metro Stations,,,Pico Station,,,,,,,,,,,3306145,Blue/EXPO Line,,,publish,34.04073985,-118.2661302,2023/04/04 16:19:54+00,,34.04073985,-118.2661302
6483263.013,1840173.235,72732,Metropolitan Transportation Authority (MTA),,Transportation,Metro Stations,,,7th St / Metro Center Station,,,,,,,,,,,3306146,Blue/EXPO Line,,,publish,34.04861486,-118.2588342,2023/04/04 16:19:54+00,,34.04861486,-118.2588342
6478766.175,1833089.413,72733,Metropolitan Transportation Authority (MTA),,Transportation,Metro Stations,,,LATTC / Ortho Institute Station,,,,,,,,,,,3306147,EXPO Line,,,publish,34.02911685,-118.2736152,2023/04/04 16:19:54+00,,34.02911685,-118.2736152
6477391.116,1830549.74,72734,Metropolitan Transportation Authority (MTA),,Transportation,Metro Stations,,,Jefferson / USC Station,,,,,,,,,,,3306148,EXPO Line,,,publish,34.02212785,-118.2781302,2023/04/04 16:19:54+00,,34.02212785,-118.2781302
6475079.285,1829138.386,72735,Metropolitan Transportation Authority (MTA),,Transportation,Metro Stations,,,Expo Park / USC Station,,,,,,,,,,,3306149,EXPO Line,,,publish,34.01823185,-118.2857462,2023/04/04 16:19:54+00,,34.01823185,-118.2857462
6473319.888,1829149.989,72736,Metropolitan Transportation Authority (MTA),,Transportation,Metro Stations,,,Expo / Vermont Station,,,,,,,,,,,3306150,EXPO Line,,,publish,34.01824985,-118.2915522,2023/04/04 16:19:54+00,,34.01824985,-118.2915522
6468056.285,1829197.007,72737,Metropolitan Transportation Authority (MTA),,Transportation,Metro Stations,,,Expo / Western Station,,,,,,,,,,,3306151,EXPO Line,,,publish,34.01833585,-118.3089222,2023/04/04 16:19:54+00,,34.01833585,-118.3089222
6460131.596,1830749.046,72738,Metropolitan Transportation Authority (MTA),,Transportation,Metro Stations,,,Expo / Crenshaw Station,,,,,,,,,,,3306152,EXPO Line,,,publish,34.02253085,-118.3350902,2023/04/04 16:19:54+00,,34.02253085,-118.3350902
6456795.07,1831289.858,72739,Metropolitan Transportation Authority (MTA),,Transportation,Metro Stations,,,Farmdale Station,,,,,,,,,,,3306153,EXPO Line,,,publish,34.02398585,-118.3461072,2023/04/04 16:19:54+00,,34.02398585,-118.3461072
6454049.62,1831598.579,72740,Metropolitan Transportation Authority (MTA),,Transportation,Metro Stations,,,Expo / La Brea Station,,,,,,,,,,,3306154,EXPO Line,,,publish,34.02480785,-118.3551712,2023/04/04 16:19:54+00,,34.02480785,-118.3551712
6448912.366,1832181.971,72741,Metropolitan Transportation Authority (MTA),,Transportation,Metro Stations,,,La Cienega / Jefferson Station,,,,,,,,,,,3306155,EXPO Line,,,publish,34.02635985,-118.3721322,2023/04/04 16:19:54+00,,34.02635985,-118.3721322
6443804.075,1832762.116,72742,Metropolitan Transportation Authority (MTA),,Transportation,Metro Stations,,,Culver City Station,,,,,,,,,,,3306156,EXPO Line,,,publish,34.02790085,-118.3889982,2023/04/04 16:19:54+00,,34.02790085,-118.3889982
6504112.278,1738275.239,72743,Metropolitan Transportation Authority (MTA),,Transportation,Metro Stations,,,1st Street Station,,,,,,,,,,,3306157,Blue Line,,,publish,33.76874483,-118.1893742,2023/04/04 16:19:54+00,,33.76874483,-118.1893742
6504100.412,1740043.23,72744,Metropolitan Transportation Authority (MTA),,Transportation,Metro Stations,,,5th Street Station,,,,,,,,,,,3306158,Blue Line,,,publish,33.77360283,-118.1894242,2023/04/04 16:19:54+00,,33.77360283,-118.1894242
6447685.807,1883917.608,72745,Metropolitan Transportation Authority (MTA),,Transportation,Metro Stations,,,North Hollywood Station,,,,,,,,,,,3306159,Red Line,,,publish,34.16850886,-118.3768202,2023/04/04 16:19:54+00,,34.16850886,-118.3768202
6451916.2,1873529.577,72746,Metropolitan Transportation Authority (MTA),,Transportation,Metro Stations,,,Universal / Studio City Station,,,,,,,,,,,3306160,Red Line,,,publish,34.14000686,-118.3627112,2023/04/04 16:19:54+00,,34.14000686,-118.3627112
6459176.677,1859509.678,72747,Metropolitan Transportation Authority (MTA),,Transportation,Metro Stations,,,Hollywood / Highland Station,,,,,,,,,,,3306161,Red Line,,,publish,34.10155186,-118.3385612,2023/04/04 16:19:54+00,,34.10155186,-118.3385612
6463223.999,1859526.521,72748,Metropolitan Transportation Authority (MTA),,Transportation,Metro Stations,,,Hollywood / Vine Station,,,,,,,,,,,3306162,Red Line,,,publish,34.10163486,-118.3251922,2023/04/04 16:19:54+00,,34.10163486,-118.3251922
6468389.633,1859549.187,72749,Metropolitan Transportation Authority (MTA),,Transportation,Metro Stations,,,Hollywood / Western Station,,,,,,,,,,,3306163,Red Line,,,publish,34.10174186,-118.3081292,2023/04/04 16:19:54+00,,34.10174186,-118.3081292
6473338.369,1858068.185,72750,Metropolitan Transportation Authority (MTA),,Transportation,Metro Stations,,,Vermont / Sunset Station,,,,,,,,,,,3306164,Red Line,,,publish,34.09771286,-118.2917682,2023/04/04 16:19:54+00,,34.09771286,-118.2917682
6473338.004,1855230.335,72751,Metropolitan Transportation Authority (MTA),,Transportation,Metro Stations,,,Vermont / Santa Monica Station,,,,,,,,,,,3306165,Red Line,,,publish,34.08991486,-118.2917422,2023/04/04 16:19:54+00,,34.08991486,-118.2917422
6473337.192,1850359.625,72752,Metropolitan Transportation Authority (MTA),,Transportation,Metro Stations,,,Vermont / Beverly Station,,,,,,,,,,,3306166,Red Line,,,publish,34.07653086,-118.2916982,2023/04/04 16:19:54+00,,34.07653086,-118.2916982
6473808.401,1845327.058,72753,Metropolitan Transportation Authority (MTA),,Transportation,Metro Stations,,,Wilshire / Vermont Station,,,,,,,,,,,3306167,Red/Purple Line,,,publish,34.06270585,-118.2900942,2023/04/04 16:19:54+00,,34.06270585,-118.2900942
6478406.678,1843009.425,72754,Metropolitan Transportation Authority (MTA),,Transportation,Metro Stations,,,Westlake / MacArthur Park Station,,,,,,,,,,,3306168,Red/Purple Line,,,publish,34.05637286,-118.2748912,2023/04/04 16:19:54+00,,34.05637286,-118.2748912
6483305.444,1840181.86,72755,Metropolitan Transportation Authority (MTA),,Transportation,Metro Stations,,,7th St / Metro Center Station,,,,,,,,,,,3306169,Red/Purple Line,,,publish,34.04863885,-118.2586942,2023/04/04 16:19:54+00,,34.04863885,-118.2586942
6485554.672,1840424.348,72756,Metropolitan Transportation Authority (MTA),,Transportation,Metro Stations,,,Pershing Square Station,,,,,,,,,,,3306170,Red/Purple Line,,,publish,34.04932086,-118.2512712,2023/04/04 16:19:54+00,,34.04932086,-118.2512712
6487135.446,1842452.57,72757,Metropolitan Transportation Authority (MTA),,Transportation,Metro Stations,,,Civic Center / Grand Park Station,,,,,,,,,,,3306171,Red/Purple Line,,,publish,34.05490486,-118.2460692,2023/04/04 16:19:54+00,,34.05490486,-118.2460692
6490713.209,1842916.027,72758,Metropolitan Transportation Authority (MTA),1054069001,Transportation,Metro Stations,,LA County,Union Station,800 N. Alameda St.,,Los Angeles,CA,"Monday through Thursday, 9:00a to 7:00pm; Friday, 9:00am to 5:30pm; first and fourth Saturday of the month, 9:00am to 3:00pm.",(800) USA-RAIL / Amtrak Service/Intake (800) 872-7245,,http://www.metrolinktrains.com/stations/detail.php?id=131,,,3306172,Red/Purple Line,90012,,publish,34.05620186,-118.2342612,2023/04/04 16:19:54+00,,34.05620186,-118.2342612
6470361.883,1844992.202,72759,Metropolitan Transportation Authority (MTA),,Transportation,Metro Stations,,,Wilshire / Normandie Station,,,,,,,,,,,3306173,Purple Line,,,publish,34.06175785,-118.3014702,2023/04/04 16:19:54+00,,34.06175785,-118.3014702
6468151.42,1844975.621,72760,Metropolitan Transportation Authority (MTA),,Transportation,Metro Stations,,,Wilshire / Western Station,,,,,,,,,,,3306174,Purple Line,,,publish,34.06169385,-118.3087682,2023/04/04 16:19:54+00,,34.06169385,-118.3087682
6449622.289,1784245.09,72761,Metropolitan Transportation Authority (MTA),,Transportation,Metro Stations,,,Redondo Beach Station,,,,,,,,,,,3306175,Green Line,,,publish,33.89464483,-118.3692082,2023/04/04 16:19:54+00,,33.89464483,-118.3692082
6445413.534,1788139.927,72762,Metropolitan Transportation Authority (MTA),,Transportation,Metro Stations,,,Douglas Station,,,,,,,,,,,3306176,Green Line,,,publish,33.90530383,-118.3831252,2023/04/04 16:19:54+00,,33.90530383,-118.3831252
6444389.005,1792061.146,72763,HSIP Freedom Gnis_cultural_fe,241925,Transportation,Metro Stations,,US Geological Survey (USGS),El Segundo Station,,,,,,,,,,,3306177,Green Line,,,publish,33.91606783,-118.3865512,2023/04/04 16:19:54+00,,33.91606783,-118.3865512
6444085.605,1794659.65,72764,Metropolitan Transportation Authority (MTA),,Transportation,Metro Stations,,,Mariposa Station,,,,,,,,,,,3306178,Green Line,,,publish,33.92320483,-118.3875842,2023/04/04 16:19:54+00,,33.92320483,-118.3875842
6447261.023,1796984.335,72765,Metropolitan Transportation Authority (MTA),,Transportation,Metro Stations,,,Aviation / LAX Station,,,,,,,,,,,3306179,Green Line,,,publish,33.92962583,-118.3771462,2023/04/04 16:19:54+00,,33.92962583,-118.3771462
6455011.082,1798334.424,72766,Metropolitan Transportation Authority (MTA),,Transportation,Metro Stations,,,Hawthorne / Lennox Station,,,,,,,,,,,3306180,Green Line,,,publish,33.93341284,-118.3516142,2023/04/04 16:19:54+00,,33.93341284,-118.3516142
6462600.67,1795322.093,72767,Metropolitan Transportation Authority (MTA),,Transportation,Metro Stations,,,Crenshaw Station,,,,,,,,,,,3306181,Green Line,,,publish,33.92520584,-118.3265622,2023/04/04 16:19:54+00,,33.92520584,-118.3265622
6473166.806,1796556.781,72768,Metropolitan Transportation Authority (MTA),,Transportation,Metro Stations,,,Vermont / Athens Station,,,,,,,,,,,3306182,Green Line,,,publish,33.92868784,-118.2917452,2023/04/04 16:19:54+00,,33.92868784,-118.2917452
6476392.446,1796558.872,72769,Metropolitan Transportation Authority (MTA),,Transportation,Metro Stations,,,Harbor Freeway Station,,,,,,,,,,,3306183,Green Line,,,publish,33.92871884,-118.2811122,2023/04/04 16:19:54+00,,33.92871884,-118.2811122
6481209.486,1796091.24,72770,Metropolitan Transportation Authority (MTA),,Transportation,Metro Stations,,,Avalon Station,,,,,,,,,,,3306184,Green Line,,,publish,33.92746984,-118.2652292,2023/04/04 16:19:54+00,,33.92746984,-118.2652292
6489451.025,1796359.2,72771,Metropolitan Transportation Authority (MTA),,Transportation,Metro Stations,,,Willowbrook - Rosa Parks Station,,,,,,,,,,,3306185,Green Line,,,publish,33.92826284,-118.2380642,2023/04/04 16:19:54+00,,33.92826284,-118.2380642
6497975.006,1795110.871,72772,Metropolitan Transportation Authority (MTA),,Transportation,Metro Stations,,,Long Beach Blvd Station,,,,,,,,,,,3306186,Green Line,,,publish,33.92488484,-118.2099572,2023/04/04 16:19:54+00,,33.92488484,-118.2099572
6519006.383,1790776.264,72773,Metropolitan Transportation Authority (MTA),,Transportation,Metro Stations,,,Lakewood Blvd Station,,,,,,,,,,,3306187,Green Line,,,publish,33.91307485,-118.1406122,2023/04/04 16:19:54+00,,33.91307485,-118.1406122
6529894.218,1791113.435,72774,Metropolitan Transportation Authority (MTA),,Transportation,Metro Stations,,,Norwalk Station,,,,,,,,,,,3306188,Green Line,,,publish,33.91403785,-118.1047292,2023/04/04 16:19:54+00,,33.91403785,-118.1047292
6514865.604,1834572.308,72775,Metropolitan Transportation Authority (MTA),,Transportation,Metro Stations,,,Atlantic Station,,,,,,,,,,,3306189,Gold Line,,,publish,34.03340286,-118.1544812,2023/04/04 16:19:54+00,,34.03340286,-118.1544812
6512824.408,1834563.14,72776,Metropolitan Transportation Authority (MTA),,Transportation,Metro Stations,,,East LA Civic Center Station,,,,,,,,,,,3306190,Gold Line,,,publish,34.03336886,-118.1612182,2023/04/04 16:19:54+00,,34.03336886,-118.1612182
6510723.516,1834550.205,72777,Metropolitan Transportation Authority (MTA),,Transportation,Metro Stations,,,Maravilla Station,,,,,,,,,,,3306191,Gold Line,,,publish,34.03332386,-118.1681522,2023/04/04 16:19:54+00,,34.03332386,-118.1681522
6503439.949,1834920.266,72778,Metropolitan Transportation Authority (MTA),,Transportation,Metro Stations,,,Indiana Station,,,,,,,,,,,3306192,Gold Line,,,publish,34.03430486,-118.1921942,2023/04/04 16:19:54+00,,34.03430486,-118.1921942
6498030.216,1838369.047,72779,Metropolitan Transportation Authority (MTA),,Transportation,Metro Stations,,,Soto Station,,,,,,,,,,,3306193,Gold Line,,,publish,34.04375186,-118.2100732,2023/04/04 16:19:54+00,,34.04375186,-118.2100732
6495128.666,1839637.325,72780,Metropolitan Transportation Authority (MTA),,Transportation,Metro Stations,,,Mariachi Plaza / Boyle Heights Station,,,,,,,,,,,3306194,Gold Line,,,publish,34.04721986,-118.2196602,2023/04/04 16:19:54+00,,34.04721986,-118.2196602
6493222.976,1839794.031,72781,Metropolitan Transportation Authority (MTA),,Transportation,Metro Stations,,,Pico / Aliso Station,,,,,,,,,,,3306195,Gold Line,,,publish,34.04763886,-118.2259522,2023/04/04 16:19:54+00,,34.04763886,-118.2259522
6489601.778,1840699.815,72782,Metropolitan Transportation Authority (MTA),,Transportation,Metro Stations,,,Little Tokyo / Arts District Station,,,,,,,,,,,3306196,Gold Line,,,publish,34.05010486,-118.2379132,2023/04/04 16:19:54+00,,34.05010486,-118.2379132
6490558.616,1842866.895,72783,Metropolitan Transportation Authority (MTA),1054069001,Transportation,Metro Stations,,LA County,Union Station,800 N. Alameda St.,,Los Angeles,CA,"Monday through Thursday, 9:00a to 7:00pm; Friday, 9:00am to 5:30pm; first and fourth Saturday of the month, 9:00am to 3:00pm.",(800) USA-RAIL / Amtrak Service/Intake (800) 872-7245,,http://www.metrolinktrains.com/stations/detail.php?id=131,,,3306197,Gold Line,90012,,publish,34.05606586,-118.2347712,2023/04/04 16:19:54+00,,34.05606586,-118.2347712
6490237.844,1845706.225,72784,Metropolitan Transportation Authority (MTA),,Transportation,Metro Stations,,,Chinatown Station,,,,,,,,,,,3306198,Gold Line,,,publish,34.06386586,-118.2358522,2023/04/04 16:19:54+00,,34.06386586,-118.2358522
6494919,1851914.267,72785,Metropolitan Transportation Authority (MTA),,Transportation,Metro Stations,,,Lincoln Heights / Cypress Park Station,,,,,,,,,,,3306199,Gold Line,,,publish,34.08095386,-118.2204412,2023/04/04 16:19:54+00,,34.08095386,-118.2204412
6497108.906,1854194.232,72786,Metropolitan Transportation Authority (MTA),,Transportation,Metro Stations,,,Heritage Square / Arroyo Station,,,,,,,,,,,3306200,Gold Line,,,publish,34.08723186,-118.2132252,2023/04/04 16:19:54+00,,34.08723186,-118.2132252
6499085.554,1858199.042,72787,Metropolitan Transportation Authority (MTA),,Transportation,Metro Stations,,,Southwest Museum Station,,,,,,,,,,,3306201,Gold Line,,,publish,34.09824786,-118.2067242,2023/04/04 16:19:54+00,,34.09824786,-118.2067242
6503365.096,1862898.203,72788,Metropolitan Transportation Authority (MTA),,Transportation,Metro Stations,,,Highland Park Station,,,,,,,,,,,3306202,Gold Line,,,publish,34.11118387,-118.1926182,2023/04/04 16:19:54+00,,34.11118387,-118.1926182
6513877.074,1864338.1,72789,Metropolitan Transportation Authority (MTA),,Transportation,Metro Stations,,,South Pasadena Station,,,,,,,,,,,3306203,Gold Line,,,publish,34.11519087,-118.1578982,2023/04/04 16:19:54+00,,34.11519087,-118.1578982
6516841.102,1871006.042,72790,Metropolitan Transportation Authority (MTA),,Transportation,Metro Stations,,,Fillmore Station,,,,,,,,,,,3306204,Gold Line,,,publish,34.13352587,-118.1481382,2023/04/04 16:19:54+00,,34.13352587,-118.1481382
6516818.973,1874058.989,72791,Metropolitan Transportation Authority (MTA),,Transportation,Metro Stations,,,Del Mar Station,,,,,,,,,,,3306205,Gold Line,,,publish,34.14191487,-118.1482262,2023/04/04 16:19:54+00,,34.14191487,-118.1482262
6517034.832,1876404.492,72792,Metropolitan Transportation Authority (MTA),,Transportation,Metro Stations,,,Memorial Park Station,,,,,,,,,,,3306206,Gold Line,,,publish,34.14836087,-118.1475242,2023/04/04 16:19:54+00,,34.14836087,-118.1475242
6521914.408,1877653.241,72793,Metropolitan Transportation Authority (MTA),,Transportation,Metro Stations,,,Lake Station,,,,,,,,,,,3306207,Gold Line,,,publish,34.15181087,-118.1314022,2023/04/04 16:19:54+00,,34.15181087,-118.1314022
6527070.744,1877869.293,72794,Metropolitan Transportation Authority (MTA),,Transportation,Metro Stations,,,Allen Station,,,,,,,,,,,3306208,Gold Line,,,publish,34.15242187,-118.1143602,2023/04/04 16:19:54+00,,34.15242187,-118.1143602
6537094.647,1876161.862,72795,Metropolitan Transportation Authority (MTA),,Transportation,Metro Stations,,,Sierra Madre Villa Station,,,,,,,,,,,3306209,Gold Line,,,publish,34.14775688,-118.0812242,2023/04/04 16:19:54+00,,34.14775688,-118.0812242
6439179.687,1833299.681,72796,Metropolitan Transportation Authority (MTA),,Transportation,Metro Stations,,,Palms Station,,,,,,,,,,,3306210,EXPO Line,,,publish,34.02932784,-118.4042672,2023/04/04 16:19:54+00,,34.02932784,-118.4042672
6433034.093,1836051.893,72797,Metropolitan Transportation Authority (MTA),,Transportation,Metro Stations,,,Westwood / Rancho Park Station,,,,,,,,,,,3306211,EXPO Line,,,publish,34.03682084,-118.4245882,2023/04/04 16:19:54+00,,34.03682084,-118.4245882
6430105.841,1835551.999,72798,Metropolitan Transportation Authority (MTA),,Transportation,Metro Stations,,,Expo / Sepulveda Station,,,,,,,,,,,3306212,EXPO Line,,,publish,34.03541284,-118.4342462,2023/04/04 16:19:54+00,,34.03541284,-118.4342462
6424445.74,1834229.368,72799,Metropolitan Transportation Authority (MTA),,Transportation,Metro Stations,,,Expo / Bundy Station,,,,,,,,,,,3306213,EXPO Line,,,publish,34.03170984,-118.4529082,2023/04/04 16:19:54+00,,34.03170984,-118.4529082
6419523.837,1832901.785,72800,Metropolitan Transportation Authority (MTA),,Transportation,Metro Stations,,,26th St / Bergamot Station,,,,,,,,,,,3306214,EXPO Line,,,publish,34.02799984,-118.4691322,2023/04/04 16:19:54+00,,34.02799984,-118.4691322
6416106.101,1831156.534,72801,Metropolitan Transportation Authority (MTA),,Transportation,Metro Stations,,,17th St / SMC Station,,,,,,,,,,,3306215,EXPO Line,,,publish,34.02315984,-118.4803842,2023/04/04 16:19:54+00,,34.02315984,-118.4803842
6412753.042,1827844.654,72802,Metropolitan Transportation Authority (MTA),,Transportation,Metro Stations,,,Downtown Santa Monica Station,,,,,,,,,,,3306216,EXPO Line,,,publish,34.01401484,-118.4913962,2023/04/04 16:19:54+00,,34.01401484,-118.4913962
6552831.514,1874372.93,72803,Metropolitan Transportation Authority (MTA),,Transportation,Metro Stations,,,Arcadia Station,,,,,,,,,,,3306217,Gold Line,,,publish,34.14286488,-118.0292112,2023/04/04 16:19:54+00,,34.14286488,-118.0292112
6560615.67,1870839.837,72804,Metropolitan Transportation Authority (MTA),,Transportation,Metro Stations,,,Monrovia Station,,,,,,,,,,,3306218,Gold Line,,,publish,34.13315988,-118.0034852,2023/04/04 16:19:54+00,,34.13315988,-118.0034852
6571447.395,1870609.576,72805,Metropolitan Transportation Authority (MTA),,Transportation,Metro Stations,,,Duarte / City of Hope Station,,,,,,,,,,,3306219,Gold Line,,,publish,34.13252288,-117.9676922,2023/04/04 16:19:54+00,,34.13252288,-117.9676922
6582092.652,1869352.064,72806,Metropolitan Transportation Authority (MTA),,Transportation,Metro Stations,,,Irwindale Station,,,,,,,,,,,3306220,Gold Line,,,publish,34.12905288,-117.9325181,2023/04/04 16:19:54+00,,34.12905288,-117.9325181
6589921.003,1871838.433,72807,Metropolitan Transportation Authority (MTA),,Transportation,Metro Stations,,,Azusa Downtown Station,,,,,,,,,,,3306221,Gold Line,,,publish,34.13586788,-117.9066431,2023/04/04 16:19:54+00,,34.13586788,-117.9066431
6594458.256,1872189.072,72808,Metropolitan Transportation Authority (MTA),,Transportation,Metro Stations,,,APU / Citrus College Station,,,,,,,,,,,3306222,Gold Line,,,publish,34.13681889,-117.8916481,2023/04/04 16:19:54+00,,34.13681889,-117.8916481
6379777.892,1888992.134,72809,Metropolitan Transportation Authority (MTA),,Transportation,Metro Stations,,Metropolitan Transit Authority (MTA),Warner Center Metro Station,6101 1/2 Owensmouth Ave,,Canoga Park,CA,"6:30am - 7pm (Monday - Friday)    
8:00am - 4:30pm (Saturday/Sunday)",323.GO.METRO (323.466.3876),,http://www.metro.net/around/rail/orange-line/,,,3306223,Orange Line,91367,,publish,34.18154485,-118.6014123,2023/04/04 16:19:54+00,,34.18154485,-118.6014123
6381164.407,1892266.469,72810,Metropolitan Transportation Authority (MTA),,Transportation,Metro Stations,,,Canoga Metro Station East-West,,,,,,,,,,,3306224,Orange Line,,,publish,34.19056485,-118.5968923,2023/04/04 16:19:54+00,,34.19056485,-118.5968923
6383637.17,1891578.626,72811,Metropolitan Transportation Authority (MTA),,Transportation,Metro Stations,,Metropolitan Transit Authority (MTA),De Soto Metro Station,20901 Victory Blvd,,Woodland Hills,CA,"6:30am - 7pm (Monday - Friday)    
8:00am - 4:30pm (Saturday/Sunday)",323.GO.METRO (323.466.3876),,http://www.metro.net/around/rail/orange-line/,,,3306225,Orange Line,91367,,publish,34.18871485,-118.5887023,2023/04/04 16:19:54+00,,34.18871485,-118.5887023
6389119.328,1890910.146,72812,Metropolitan Transportation Authority (MTA),,Transportation,Metro Stations,,Metropolitan Transit Authority (MTA),Pierce College Metro Station,6425 Winnetka Ave,,Woodland Hills,CA,"6:30am - 7pm (Monday - Friday)    
8:00am - 4:30pm (Saturday/Sunday)",323.GO.METRO (323.466.3876),,http://www.metro.net/around/rail/orange-line/,,,3306226,Orange Line,91367,,publish,34.18696485,-118.5705623,2023/04/04 16:19:54+00,,34.18696485,-118.5705623
6394390.767,1888729.892,72813,Metropolitan Transportation Authority (MTA),,Transportation,Metro Stations,,Metropolitan Transit Authority (MTA),Tampa Metro Station,6101 Tampa Ave,,Tarzana,CA,"6:30am - 7pm (Monday - Friday)    
8:00am - 4:30pm (Saturday/Sunday)",323.GO.METRO (323.466.3876),,http://www.metro.net/around/rail/orange-line/,,,3306227,Orange Line,91335,,publish,34.18105485,-118.5530923,2023/04/04 16:19:54+00,,34.18105485,-118.5530923
6399407.104,1888484.35,72814,Metropolitan Transportation Authority (MTA),,Transportation,Metro Stations,,Metropolitan Transit Authority (MTA),Reseda Metro Station,6065 N. Reseda Blvd,,Tarzana,CA,"6:30am - 7pm (Monday - Friday)    
8:00am - 4:30pm (Saturday/Sunday)",323.GO.METRO (323.466.3876),,http://www.metro.net/around/rail/orange-line/,,,3306228,Orange Line,91335,,publish,34.18045485,-118.5365023,2023/04/04 16:19:54+00,,34.18045485,-118.5365023
6410280.95,1890448.028,72815,Metropolitan Transportation Authority (MTA),,Transportation,Metro Stations,,Metropolitan Transit Authority (MTA),Balboa Metro Station,Balboa Blvd & Victory Blvd,,Encino,CA,"6:30am - 7pm (Monday - Friday)    
8:00am - 4:30pm (Saturday/Sunday)",323.GO.METRO (323.466.3876),,http://www.metro.net/around/rail/orange-line/,,,3306229,Orange Line,91316,,publish,34.18600486,-118.5005822,2023/04/04 16:19:54+00,,34.18600486,-118.5005822
6415250.325,1890536.503,72816,Metropolitan Transportation Authority (MTA),,Transportation,Metro Stations,,Metropolitan Transit Authority (MTA),Woodley Metro Station,6381 N. Woodley Ave.,,Van Nuys,CA,"6:30am - 7pm (Monday - Friday)    
8:00am - 4:30pm (Saturday/Sunday)",323.GO.METRO (323.466.3876),,http://www.metro.net/around/rail/orange-line/,,,3306230,Orange Line,91406,,publish,34.18631486,-118.4841522,2023/04/04 16:19:54+00,,34.18631486,-118.4841522
6419895.355,1888527.47,72817,Metropolitan Transportation Authority (MTA),,Transportation,Metro Stations,,Metropolitan Transit Authority (MTA),Sepulveda Metro Station,15430 W. Erwin St,,Van Nuys,CA,"6:30am - 7pm (Monday - Friday)    
8:00am - 4:30pm (Saturday/Sunday)",323.GO.METRO (323.466.3876),,http://www.metro.net/around/rail/orange-line/,,,3306231,Orange Line,91411,,publish,34.18085486,-118.4687622,2023/04/04 16:19:54+00,,34.18085486,-118.4687622
6426128.081,1888357.114,72818,Metropolitan Transportation Authority (MTA),,Transportation,Metro Stations,,Metropolitan Transit Authority (MTA),Van Nuys Metro Station,6060 Van Nuys Blvd,,Van Nuys,CA,"6:30am - 7pm (Monday - Friday)    
8:00am - 4:30pm (Saturday/Sunday)",323.GO.METRO (323.466.3876),,http://www.metro.net/around/rail/orange-line/,,,3306232,Orange Line,91411,,publish,34.18046486,-118.4481522,2023/04/04 16:19:54+00,,34.18046486,-118.4481522
6431702.881,1887797.806,72819,Metropolitan Transportation Authority (MTA),,Transportation,Metro Stations,,Metropolitan Transit Authority (MTA),Woodman Metro Station,13622 W. Oxnard St,,Sherman Oaks,CA,"6:30am - 7pm (Monday - Friday)    
8:00am - 4:30pm (Saturday/Sunday)","323.GO.METRO (323.466.3876)
",,http://www.metro.net/around/rail/orange-line/,,,3306233,Orange Line,91401,,publish,34.17899486,-118.4297122,2023/04/04 16:19:54+00,,34.17899486,-118.4297122
6433996.506,1885156.935,72820,Metropolitan Transportation Authority (MTA),,Transportation,Metro Stations,,Metropolitan Transit Authority (MTA),Valley College Metro Station,13240 W. Burbank Blvd.,,Sherman Oaks,CA,"Bus & Rail Transit Information: 323.GO.METRO (323.466.3876)
6:30am - 7pm (Monday - Friday)    
8:00am - 4:30pm (Saturday/Sunday)",,,http://www.metro.net/around/rail/orange-line/,,,3306234,Orange Line,91401,,publish,34.17176486,-118.4220922,2023/04/04 16:19:54+00,,34.17176486,-118.4220922
6447470.853,1884029.775,72821,Metropolitan Transportation Authority (MTA),80000043,Transportation,Metro Stations,,Metropolitan Transit Authority (MTA),North Hollywood Metro Station,Lankershim Blvd & Chandler Blvd,,North Hollywood,CA,,,,http://www.metro.net/around/rail/red-line/,,,3306235,Orange Line,91601,,publish,34.16881486,-118.3775322,2023/04/04 16:19:54+00,,34.16881486,-118.3775322
6441565.929,1883961.545,72822,Metropolitan Transportation Authority (MTA),,Transportation,Metro Stations,,Metropolitan Transit Authority (MTA),Laurel Canyon Metro Station,5371 Laurel Canyon Blvd,,North Hollywood,CA,"6:30am - 7pm (Monday - Friday)    
8:00am - 4:30pm (Saturday/Sunday)",323.GO.METRO (323.466.3876),,http://www.metro.net/around/rail/orange-line/,,,3306236,Orange Line,91607,,publish,34.16856486,-118.3970522,2023/04/04 16:19:54+00,,34.16856486,-118.3970522
6381301.235,1892555.138,72823,Metropolitan Transportation Authority (MTA),,Transportation,Metro Stations,,,Canoga Metro Station North-South,,,,,,,,,,,3306237,Orange Line,,,publish,34.19136029,-118.5964455,2023/04/04 16:19:54+00,,34.19136029,-118.5964455
6381108.37,1895885.282,72824,Metropolitan Transportation Authority (MTA),,Transportation,Metro Stations,,,Sherman Way Metro Station,,,,,,,,,,,3306238,Orange Line,,,publish,34.20050779,-118.5971486,2023/04/04 16:19:54+00,,34.20050779,-118.5971486
6381179.44,1902751.247,72825,Metropolitan Transportation Authority (MTA),,Transportation,Metro Stations,,,Roscoe Metro Station South Bound,,,,,,,,,,,3306239,Orange Line,,,publish,34.21937541,-118.5970485,2023/04/04 16:19:54+00,,34.21937541,-118.5970485
6381186.562,1903150.11,72826,Metropolitan Transportation Authority (MTA),,Transportation,Metro Stations,,,Roscoe Metro Station North Bound,,,,,,,,,,,3306240,Orange Line,,,publish,34.22047153,-118.5970328,2023/04/04 16:19:54+00,,34.22047153,-118.5970328
6381169.476,1908432.248,72827,Metropolitan Transportation Authority (MTA),,Transportation,Metro Stations,,,Nordhoff Metro Station South Bound,,,,,,,,,,,3306241,Orange Line,,,publish,34.23498563,-118.5971931,2023/04/04 16:19:54+00,,34.23498563,-118.5971931
6381171.604,1908772.753,72828,Metropolitan Transportation Authority (MTA),,Transportation,Metro Stations,,,Nordhoff Metro Station North Bound,,,,,,,,,,,3306242,Orange Line,,,publish,34.23592131,-118.5971927,2023/04/04 16:19:54+00,,34.23592131,-118.5971927
6380545.925,1914699.673,72829,Metropolitan Transportation Authority (MTA),,Transportation,Metro Stations,,,Chatsworth Metro Station,,,,,,,,,,,3306243,Orange Line,,,publish,34.2521972,-118.5993797,2023/04/04 16:19:54+00,,34.2521972,-118.5993797
6460131.516,1830720.766,72830,Metropolitan Transportation Authority (MTA),,Transportation,Metro Stations,,,Expo/Crenshaw Station,,,,,,,,,,,3306244,K Line,,,publish,34.02245314,-118.3350902,2023/04/04 16:19:54+00,,34.02245314,-118.3350902
6460038.764,1826249.717,72831,Metropolitan Transportation Authority (MTA),,Transportation,Metro Stations,,,Martin Luther King Jr Station,,,,,,,,,,,3306245,K Line,,,publish,34.01016656,-118.335347,2023/04/04 16:19:54+00,,34.01016656,-118.335347
6460844.971,1824214.517,72832,Metropolitan Transportation Authority (MTA),,Transportation,Metro Stations,,,Leimert Park Station,,,,,,,,,,,3306246,K Line,,,publish,34.00458152,-118.3326646,2023/04/04 16:19:54+00,,34.00458152,-118.3326646
6461379.778,1818283.808,72833,Metropolitan Transportation Authority (MTA),,Transportation,Metro Stations,,,Hyde Park Station,,,,,,,,,,,3306247,K Line,,,publish,33.98828975,-118.3308357,2023/04/04 16:19:54+00,,33.98828975,-118.3308357
6459789.287,1813556.099,72834,Metropolitan Transportation Authority (MTA),,Transportation,Metro Stations,,,Fairview Heights Station,,,,,,,,,,,3306248,K Line,,,publish,33.97528429,-118.3360302,2023/04/04 16:19:54+00,,33.97528429,-118.3360302
6455121.369,1810666.089,72835,Metropolitan Transportation Authority (MTA),,Transportation,Metro Stations,,,Downtown Inglewood Station,,,,,,,,,,,3306249,K Line,,,publish,33.96729917,-118.3513927,2023/04/04 16:19:54+00,,33.96729917,-118.3513927
6448121.24,1808770.444,72836,Metropolitan Transportation Authority (MTA),,Transportation,Metro Stations,,,Westchester/Veterans Station,,,,,,,,,,,3306250,K Line,,,publish,33.96202081,-118.3744553,2023/04/04 16:19:54+00,,33.96202081,-118.3744553
6446828.324,1804264.321,72837,Metropolitan Transportation Authority (MTA),,Transportation,Metro Stations,,,LAX/Metro Transit Center Station,,,,,,,,,,,3306251,K Line,,,publish,33.94962547,-118.378663,2023/04/04 16:19:54+00,,33.94962547,-118.378663
6446810.87,1802827.824,72838,Metropolitan Transportation Authority (MTA),,Transportation,Metro Stations,,,Aviation/Century Station,,,,,,,,,,,3306252,K Line,,,publish,33.94567805,-118.3787027,2023/04/04 16:19:54+00,,33.94567805,-118.3787027
6447223.241,1796987.753,72839,Metropolitan Transportation Authority (MTA),,Transportation,Metro Stations,,,Aviation/LAX Station,,,,,,,,,,,3306253,K Line,,,publish,33.92963484,-118.3772708,2023/04/04 16:19:54+00,,33.92963484,-118.3772708
6485578.69,1842400.282,72840,Metropolitan Transportation Authority (MTA),,Transportation,Metro Stations,,,Grand Av Arts/Bunker Hill,,,,,,,,,,,3306254,Regional Connector,,,publish,34.05475059,-118.2512082,2023/04/04 16:19:54+00,,34.05475059,-118.2512082
6487103.439,1841409.68,72841,Metropolitan Transportation Authority (MTA),,Transportation,Metro Stations,,,Historic Broadway,,,,,,,,,,,3306255,Regional Connector,,,publish,34.05203893,-118.2461664,2023/04/04 16:19:54+00,,34.05203893,-118.2461664
6489336.01,1840240.932,72842,Metropolitan Transportation Authority (MTA),,Transportation,Metro Stations,,,Little Tokyo/Arts District,,,,,,,,,,,3306256,Regional Connector,,,publish,34.04884218,-118.2387869,2023/04/04 16:19:54+00,,34.04884218,-118.2387869